{
	"credit": "",
	"texture_size": [136, 136],
	"textures": {
		"0": "custom/entities/balloon/hot_air_balloon"
	},
	"elements": [
		{
			"name": "balloon",
			"from": [-8, -1, -8],
			"to": [24, 31, 24],
			"rotation": {"angle": 0, "axis": "y", "origin": [8, -31, 8]},
			"faces": {
				"north": {"uv": [4, 3.76471, 7.76471, 7.52941], "texture": "#0"},
				"east": {"uv": [0.23529, 3.76471, 4, 7.52941], "texture": "#0"},
				"south": {"uv": [11.52941, 3.76471, 15.29412, 7.52941], "texture": "#0"},
				"west": {"uv": [7.76471, 3.76471, 11.52941, 7.52941], "texture": "#0"},
				"up": {"uv": [7.76471, 3.76471, 4, 0], "texture": "#0"},
				"down": {"uv": [11.52941, 0, 7.76471, 3.76471], "texture": "#0"}
			}
		}
	],
	"display": {
		"head": {
			"translation": [0, 15, 0],
			"scale": [2, 2, 2]
		}
	},
	"groups": [
		{
			"name": "balloon",
			"origin": [8, 41, 8],
			"color": 3,
			"nbt": "{}",
			"children": [0]
		}
	]
}