{
	"credit": "",
	"texture_size": [136, 136],
	"textures": {
		"0": "custom/entities/balloon/hot_air_balloon"
	},
	"elements": [
		{
			"name": "balloon",
			"from": [-3, 9, -3],
			"to": [19, 15, 19],
			"rotation": {"angle": 0, "axis": "y", "origin": [8, -29, 8]},
			"faces": {
				"north": {"uv": [2.58824, 10.11765, 5.17647, 10.82353], "texture": "#0"},
				"east": {"uv": [0, 10.11765, 2.58824, 10.82353], "texture": "#0"},
				"south": {"uv": [7.76471, 10.11765, 10.35294, 10.82353], "texture": "#0"},
				"west": {"uv": [5.17647, 10.11765, 7.76471, 10.82353], "texture": "#0"},
				"up": {"uv": [5.17647, 10.11765, 2.58824, 7.52941], "texture": "#0"},
				"down": {"uv": [7.76471, 7.52941, 5.17647, 10.11765], "texture": "#0"}
			}
		},
		{
			"name": "ropes",
			"from": [-1, -15, -1],
			"to": [17, 9, 17],
			"rotation": {"angle": 0, "axis": "y", "origin": [8, -29, 8]},
			"faces": {
				"north": {"uv": [9.64706, 12.94118, 11.76471, 15.76471], "texture": "#0"},
				"east": {"uv": [7.52941, 12.94118, 9.64706, 15.76471], "texture": "#0"},
				"south": {"uv": [13.88235, 12.94118, 16, 15.76471], "texture": "#0"},
				"west": {"uv": [11.76471, 12.94118, 13.88235, 15.76471], "texture": "#0"},
				"up": {"uv": [11.76471, 12.94118, 9.64706, 10.82353], "texture": "#0"},
				"down": {"uv": [13.88235, 10.82353, 11.76471, 12.94118], "texture": "#0"}
			}
		},
		{
			"name": "basket",
			"from": [-2, -15, -2],
			"to": [18, -13, 18],
			"rotation": {"angle": 0, "axis": "y", "origin": [8, -29, 8]},
			"faces": {
				"north": {"uv": [2.35294, 15.76471, 4.70588, 16], "texture": "#0"},
				"east": {"uv": [0, 15.76471, 2.35294, 16], "texture": "#0"},
				"south": {"uv": [7.05882, 15.76471, 9.41176, 16], "texture": "#0"},
				"west": {"uv": [4.70588, 15.76471, 7.05882, 16], "texture": "#0"},
				"up": {"uv": [4.70588, 15.76471, 2.35294, 13.41176], "texture": "#0"},
				"down": {"uv": [7.05882, 13.41176, 4.70588, 15.76471], "texture": "#0"}
			}
		},
		{
			"name": "basket",
			"from": [-2, -15, -2],
			"to": [18, -3, 1],
			"rotation": {"angle": 0, "axis": "y", "origin": [8, -29, 8]},
			"faces": {
				"north": {"uv": [0.35294, 11.17647, 2.70588, 12.58824], "texture": "#0"},
				"east": {"uv": [0, 11.17647, 0.35294, 12.58824], "texture": "#0"},
				"south": {"uv": [3.05882, 11.17647, 5.41176, 12.58824], "texture": "#0"},
				"west": {"uv": [2.70588, 11.17647, 3.05882, 12.58824], "texture": "#0"},
				"up": {"uv": [2.70588, 11.17647, 0.35294, 10.82353], "texture": "#0"},
				"down": {"uv": [5.05882, 10.82353, 2.70588, 11.17647], "texture": "#0"}
			}
		},
		{
			"name": "basket",
			"from": [-2, -15, 15],
			"to": [18, -3, 18],
			"rotation": {"angle": 0, "axis": "y", "origin": [8, -29, 8]},
			"faces": {
				"north": {"uv": [8.11765, 7.88235, 10.47059, 9.29412], "texture": "#0"},
				"east": {"uv": [7.76471, 7.88235, 8.11765, 9.29412], "texture": "#0"},
				"south": {"uv": [10.82353, 7.88235, 13.17647, 9.29412], "texture": "#0"},
				"west": {"uv": [10.47059, 7.88235, 10.82353, 9.29412], "texture": "#0"},
				"up": {"uv": [10.47059, 7.88235, 8.11765, 7.52941], "texture": "#0"},
				"down": {"uv": [12.82353, 7.52941, 10.47059, 7.88235], "texture": "#0"}
			}
		},
		{
			"name": "basket",
			"from": [-2, -15, 1],
			"to": [1, -3, 15],
			"rotation": {"angle": 0, "axis": "y", "origin": [8, -29, 8]},
			"faces": {
				"north": {"uv": [13.17647, 1.64706, 13.52941, 3.05882], "texture": "#0"},
				"east": {"uv": [11.52941, 1.64706, 13.17647, 3.05882], "texture": "#0"},
				"south": {"uv": [15.17647, 1.64706, 15.52941, 3.05882], "texture": "#0"},
				"west": {"uv": [13.52941, 1.64706, 15.17647, 3.05882], "texture": "#0"},
				"up": {"uv": [13.52941, 1.64706, 13.17647, 0], "texture": "#0"},
				"down": {"uv": [13.88235, 0, 13.52941, 1.64706], "texture": "#0"}
			}
		},
		{
			"name": "basket",
			"from": [15, -15, 1],
			"to": [18, -3, 15],
			"rotation": {"angle": 0, "axis": "y", "origin": [8, -29, 8]},
			"faces": {
				"north": {"uv": [1.64706, 1.64706, 2, 3.05882], "texture": "#0"},
				"east": {"uv": [0, 1.64706, 1.64706, 3.05882], "texture": "#0"},
				"south": {"uv": [3.64706, 1.64706, 4, 3.05882], "texture": "#0"},
				"west": {"uv": [2, 1.64706, 3.64706, 3.05882], "texture": "#0"},
				"up": {"uv": [2, 1.64706, 1.64706, 0], "texture": "#0"},
				"down": {"uv": [2.35294, 0, 2, 1.64706], "texture": "#0"}
			}
		}
	],
	"display": {
		"head": {
			"translation": [0, -17.25, 0],
			"scale": [2, 2, 2]
		}
	},
	"groups": [
		{
			"name": "balloon2",
			"origin": [8, 41, 8],
			"color": 0,
			"nbt": "{}",
			"children": [
				{
					"name": "ropes2",
					"origin": [8, 38, 8],
					"color": 1,
					"nbt": "{}",
					"children": [
						{
							"name": "basket2",
							"origin": [8, 8, 8],
							"color": 2,
							"nbt": "{}",
							"children": []
						}
					]
				}
			]
		},
		{
			"name": "balloon",
			"origin": [8, 41, 8],
			"color": 3,
			"nbt": "{}",
			"children": [
				0,
				{
					"name": "ropes",
					"origin": [8, 38, 8],
					"color": 4,
					"nbt": "{}",
					"children": [
						1,
						{
							"name": "basket",
							"origin": [8, 8, 8],
							"color": 5,
							"nbt": "{}",
							"children": [2, 3, 4, 5, 6]
						}
					]
				}
			]
		}
	]
}