{
	"credit": "",
	"textures": {
		"0": "custom/entities/entity/entity",
		"1": "custom/entities/entity/entity_eyes",
		"particle": "custom/entities/entity/entity"
	},
	"elements": [
		{
			"from": [3, 0, -0.75],
			"to": [13, 20, 9.25],
			"rotation": {"angle": 0, "axis": "y", "origin": [8, 8.01697, 9.45867]},
			"faces": {
				"north": {"uv": [0, 0, 1.25, 2.5], "texture": "#0"},
				"east": {"uv": [2.625, 0, 1.375, 2.5], "texture": "#0"},
				"south": {"uv": [4.125, 0, 5.375, 2.5], "texture": "#0"},
				"west": {"uv": [1.375, 0, 2.625, 2.5], "texture": "#0"},
				"up": {"uv": [2.75, 0, 4, 1.25], "rotation": 180, "texture": "#0"},
				"down": {"uv": [2.75, 1.375, 4, 2.625], "texture": "#0"}
			}
		},
		{
			"from": [3.5, 8.33471, 4.40766],
			"to": [12.5, 17.33471, 16.40766],
			"rotation": {"angle": 22.5, "axis": "x", "origin": [7.5, 9.00898, 14.0285]},
			"faces": {
				"north": {"uv": [5.5, 3.375, 5.625, 4.5], "texture": "#0"},
				"east": {"uv": [7, 3.375, 5.5, 4.5], "texture": "#0"},
				"south": {"uv": [7.125, 3.375, 8.25, 4.5], "texture": "#0"},
				"west": {"uv": [5.5, 3.375, 7, 4.5], "texture": "#0"},
				"up": {"uv": [5.5, 4.625, 7, 5.75], "rotation": 90, "texture": "#0"},
				"down": {"uv": [7, 4.5, 5.5, 4.375], "rotation": 90, "texture": "#0"}
			}
		},
		{
			"from": [8, -2.12814, 14.05823],
			"to": [8, 10.87186, 25.05823],
			"rotation": {"angle": 22.5, "axis": "x", "origin": [3.5, 1.37186, 21.55823]},
			"faces": {
				"east": {"uv": [8.5, 4.625, 7.125, 6.25], "texture": "#0"},
				"west": {"uv": [7.125, 4.625, 8.5, 6.25], "texture": "#0"}
			}
		},
		{
			"name": "cube inverted",
			"from": [13, 20, 4.25],
			"to": [3, 0, -0.75],
			"rotation": {"angle": 0, "axis": "y", "origin": [8, 8.01697, 9.45867]},
			"faces": {
				"north": {"uv": [5.625, 2.5, 6.875, 0], "texture": "#0"},
				"east": {"uv": [5.625, 0.5, 6.625, 0], "texture": "#0"},
				"south": {"uv": [5.625, 2.5, 6.875, 0], "texture": "#0"},
				"west": {"uv": [5.625, 0.5, 6.625, 0], "texture": "#0"},
				"up": {"uv": [5.625, 0.5, 6.625, 0], "texture": "#0"},
				"down": {"uv": [5.625, 0.5, 6.625, 0], "texture": "#0"}
			}
		},
		{
			"from": [3.5, 4, 1],
			"to": [12.5, 7, 1],
			"rotation": {"angle": 0, "axis": "y", "origin": [9.5, 39, 13]},
			"faces": {
				"north": {"uv": [0, 0, 9, 3], "texture": "#1"},
				"south": {"uv": [0, 0, 9, 3], "texture": "#1"}
			}
		}
	],
	"display": {
		"gui": {
			"rotation": [0, 129, 0],
			"translation": [0, -0.25, 0],
			"scale": [0.63, 0.63, 0.63]
		},
		"head": {
			"translation": [0, 17.65, 6],
			"scale": [1.6, 1.6, 1.6]
		}
	},
	"groups": [
		{
			"name": "Body",
			"origin": [8, 0, 8],
			"color": 0,
			"children": [
				{
					"name": "Head",
					"origin": [8, 34.04294, 8.17385],
					"color": 0,
					"children": [
						0,
						{
							"name": "Hood",
							"origin": [8, 53.9394, 13.01078],
							"color": 0,
							"children": [1, 2]
						},
						3,
						{
							"name": "Eyes",
							"origin": [7.5, 40, 5],
							"color": 0,
							"children": [4]
						}
					]
				},
				{
					"name": "LeftArm",
					"origin": [1, 32, 8],
					"color": 0,
					"children": []
				},
				{
					"name": "RightArm",
					"origin": [15, 32, 8],
					"color": 0,
					"children": []
				},
				{
					"name": "Robe",
					"origin": [8, 0.5, 11],
					"color": 0,
					"children": []
				}
			]
		}
	]
}