{
	"credit": "",
	"texture_size": [128, 128],
	"textures": {
		"0": "custom/entities/entity/entity",
		"particle": "custom/entities/entity/entity"
	},
	"elements": [
		{
			"from": [17, 9.75, 3.5],
			"to": [28, 29.75, 3.5],
			"rotation": {"angle": 0, "axis": "y", "origin": [15, 5.75, 3.5]},
			"faces": {
				"north": {"uv": [0, 7.125, 2.5, 8.5], "rotation": 90, "texture": "#0"},
				"south": {"uv": [0, 8.5, 2.5, 7.125], "rotation": 90, "texture": "#0"}
			}
		},
		{
			"from": [13, 5.75, 1.5],
			"to": [17, 29.75, 5.5],
			"rotation": {"angle": 0, "axis": "y", "origin": [15, 5.75, 3.5]},
			"faces": {
				"north": {"uv": [3.625, 2.75, 4.125, 5.75], "texture": "#0"},
				"east": {"uv": [4.875, 2.75, 5.375, 5.75], "texture": "#0"},
				"south": {"uv": [4.125, 2.75, 3.625, 5.75], "texture": "#0"},
				"west": {"uv": [4.25, 2.75, 4.75, 5.75], "texture": "#0"},
				"up": {"uv": [6, 2.75, 5.5, 3.25], "texture": "#0"},
				"down": {"uv": [3.625, 5.75, 4.125, 6.25], "rotation": 270, "texture": "#0"}
			}
		},
		{
			"from": [-12, 9.75, 3.5],
			"to": [-1, 29.75, 3.5],
			"rotation": {"angle": 0, "axis": "y", "origin": [1, 5.75, 3.5]},
			"faces": {
				"north": {"uv": [0, 8.5, 2.5, 7.125], "rotation": 90, "texture": "#0"},
				"south": {"uv": [0, 7.125, 2.5, 8.5], "rotation": 90, "texture": "#0"}
			}
		},
		{
			"from": [-1, 5.75, 1.5],
			"to": [3, 29.75, 5.5],
			"rotation": {"angle": 0, "axis": "y", "origin": [1, 5.75, 3.5]},
			"faces": {
				"north": {"uv": [4.125, 2.75, 3.625, 5.75], "texture": "#0"},
				"east": {"uv": [4.75, 2.75, 4.25, 5.75], "texture": "#0"},
				"south": {"uv": [3.625, 2.75, 4.125, 5.75], "texture": "#0"},
				"west": {"uv": [5.375, 2.75, 4.875, 5.75], "texture": "#0"},
				"up": {"uv": [5.5, 2.75, 6, 3.25], "texture": "#0"},
				"down": {"uv": [3.625, 6.25, 4.125, 5.75], "rotation": 270, "texture": "#0"}
			}
		},
		{
			"from": [3, -4.25, 0.5],
			"to": [13, 29.75, 6.5],
			"rotation": {"angle": 0, "axis": "y", "origin": [8, -2.25, 7.5]},
			"faces": {
				"north": {"uv": [0, 2.75, 1.25, 7], "texture": "#0"},
				"east": {"uv": [1.375, 2.75, 2.125, 7], "texture": "#0"},
				"south": {"uv": [2.25, 2.75, 3.5, 7], "texture": "#0"},
				"west": {"uv": [1.375, 2.75, 2.125, 7], "texture": "#0"},
				"up": {"uv": [4.25, 5.875, 5.5, 6.625], "rotation": 180, "texture": "#0"},
				"down": {"uv": [4.25, 5.875, 5.5, 6.625], "rotation": 180, "texture": "#0"}
			}
		},
		{
			"from": [3, -4.25, 6.5],
			"to": [13, -3.25, 18.5],
			"rotation": {"angle": 0, "axis": "y", "origin": [8, -2.25, 7.5]},
			"faces": {
				"north": {"uv": [7, 0, 8.25, 0.125], "texture": "#0"},
				"east": {"uv": [7.125, 0, 7, 1.5], "rotation": 90, "texture": "#0"},
				"west": {"uv": [7.125, 1.5, 7, 0], "rotation": 90, "texture": "#0"},
				"up": {"uv": [7, 0, 8.25, 1.5], "texture": "#0"},
				"down": {"uv": [7, 1.5, 8.25, 0], "texture": "#0"}
			}
		}
	],
	"display": {
		"gui": {
			"rotation": [0, 129, 0],
			"translation": [0, -0.25, 0],
			"scale": [0.63, 0.63, 0.63]
		},
		"head": {
			"translation": [0, -30.025, 6],
			"scale": [1.6, 1.6, 1.6]
		}
	},
	"groups": [
		{
			"name": "Body",
			"origin": [23, -24, 12],
			"color": 0,
			"children": [
				{
					"name": "Head",
					"origin": [23, 10.04294, 12.17385],
					"color": 0,
					"children": [
						{
							"name": "Hood",
							"origin": [23, 29.9394, 17.01078],
							"color": 0,
							"children": []
						},
						{
							"name": "Eyes",
							"origin": [22.5, 16, 9],
							"color": 0,
							"children": []
						}
					]
				},
				{
					"name": "LeftArm",
					"origin": [16, 8, 12],
					"color": 0,
					"children": [0, 1]
				},
				{
					"name": "Robe",
					"origin": [23, -23.5, 15],
					"color": 0,
					"children": []
				}
			]
		},
		{
			"name": "Body3",
			"origin": [9, -24, 12],
			"color": 0,
			"children": [
				{
					"name": "Head3",
					"origin": [9, 10.04294, 12.17385],
					"color": 0,
					"children": [
						{
							"name": "Hood3",
							"origin": [9, 29.9394, 17.01078],
							"color": 0,
							"children": []
						},
						{
							"name": "Eyes3",
							"origin": [9.5, 16, 9],
							"color": 0,
							"children": []
						}
					]
				},
				{
					"name": "LeftArm3",
					"origin": [16, 8, 12],
					"color": 0,
					"children": [2, 3]
				},
				{
					"name": "Robe3",
					"origin": [9, -23.5, 15],
					"color": 0,
					"children": []
				}
			]
		},
		{
			"name": "Body4",
			"origin": [16, -32, 16],
			"color": 0,
			"children": [
				{
					"name": "Head4",
					"origin": [16, 2.04294, 16.17385],
					"color": 0,
					"children": [
						{
							"name": "Hood4",
							"origin": [16, 21.9394, 21.01078],
							"color": 0,
							"children": []
						}
					]
				},
				4,
				{
					"name": "LeftArm4",
					"origin": [9, 0, 16],
					"color": 0,
					"children": []
				},
				{
					"name": "RightArm2",
					"origin": [23, 0, 16],
					"color": 0,
					"children": []
				},
				{
					"name": "Robe4",
					"origin": [16, -31.5, 19],
					"color": 0,
					"children": [5]
				}
			]
		}
	]
}