{"credit":"Made with Blockbench","texture_size":[256,256],"textures":{"0":"custom/entities/genie/genie","1":"custom/entities/genie/genie_tail","particle":"custom/entities/genie/genie"},"elements":[{"from":[-2,-16,-2],"to":[18,4,18],"rotation":{"angle":0,"axis":"y","origin":[-1,17,-1]},"faces":{"north":{"uv":[0,6.4375,1.25,7.6875],"texture":"#0"},"east":{"uv":[2.5,6.4375,1.25,7.6875],"texture":"#0"},"south":{"uv":[2.5,6.4375,3.75,7.6875],"texture":"#0"},"west":{"uv":[1.25,6.4375,2.5,7.6875],"texture":"#0"},"up":{"uv":[3.75,5.1875,5,6.4375],"texture":"#0"},"down":{"uv":[3.75,6.4375,5,7.6875],"texture":"#0"}}},{"from":[2,0.07002,4.72727],"to":[14,12.07002,16.72727],"rotation":{"angle":22.5,"axis":"x","origin":[8,11.13093,10.22728]},"faces":{"north":{"uv":[3,4.4375,3.75,5.1875],"texture":"#0"},"east":{"uv":[3,4.4375,3.75,5.1875],"texture":"#0"},"south":{"uv":[3,4.4375,3.75,5.1875],"texture":"#0"},"west":{"uv":[3,4.4375,3.75,5.1875],"texture":"#0"},"up":{"uv":[3.8125,4.4375,4.5625,5.1875],"texture":"#0"},"down":{"uv":[3,5.25,3.75,6],"texture":"#0"}}},{"from":[0,11.99185,9.72728],"to":[16,31.99185,9.72728],"rotation":{"angle":22.5,"axis":"x","origin":[8,11.13093,10.22728]},"faces":{"north":{"uv":[0,10,8,0],"texture":"#1"},"south":{"uv":[8,10,0,0],"texture":"#1"}}},{"from":[-4,-4,-4],"to":[20,4,20],"rotation":{"angle":0,"axis":"y","origin":[19,34,-3]},"faces":{"north":{"uv":[7.625,3.375,9.125,3.875],"texture":"#0"},"east":{"uv":[7.625,3.375,9.125,3.875],"texture":"#0"},"south":{"uv":[7.625,3.375,9.125,3.875],"texture":"#0"},"west":{"uv":[7.625,3.375,9.125,3.875],"texture":"#0"},"up":{"uv":[7.625,3.875,9.125,5.375],"texture":"#0"},"down":{"uv":[7.625,3.875,9.125,5.375],"texture":"#0"}}},{"name":"cube inverted","from":[20,4,20],"to":[-4,-4,-4],"rotation":{"angle":0,"axis":"y","origin":[19,34,-3]},"faces":{"north":{"uv":[7.625,3.875,9.125,3.375],"texture":"#0"},"east":{"uv":[7.625,3.875,9.125,3.375],"texture":"#0"},"south":{"uv":[7.625,3.875,9.125,3.375],"texture":"#0"},"west":{"uv":[7.625,3.875,9.125,3.375],"texture":"#0"},"up":{"uv":[9.125,3.875,7.625,5.375],"texture":"#0"},"down":{"uv":[9.125,3.875,7.625,5.375],"texture":"#0"}}}],"display":{"head":{"translation":[0,32,0],"scale":[1.6,1.6,1.6]}},"groups":[{"name":"head","origin":[8,32,8],"color":0,"children":[0,1,2,3,4]}]}