{"credit":"Made with Blockbench","texture_size":[256,256],"textures":{"0":"custom/entities/genie/genie","particle":"custom/entities/genie/genie"},"elements":[{"from":[-16,0,-2],"to":[32,20,18],"rotation":{"angle":0,"axis":"y","origin":[-83,7,-1]},"faces":{"north":{"uv":[5,0,8,1.25],"texture":"#0"},"east":{"uv":[6.3125,1.3125,7.5625,2.5625],"texture":"#0"},"south":{"uv":[8,0,5,1.25],"texture":"#0"},"west":{"uv":[6.25,1.3125,5,2.5625],"texture":"#0"},"up":{"uv":[8,0,5,1.25],"texture":"#0"},"down":{"uv":[8,0,5,1.25],"texture":"#0"}}}],"display":{"thirdperson_righthand":{"rotation":[0,-90,0],"translation":[0,-3.75,0]},"thirdperson_lefthand":{"rotation":[0,-90,-180],"translation":[0,-3.75,0]},"head":{"rotation":[0,0,90],"translation":[3.25,-3.25,0],"scale":[1.6,1.6,1.6]}},"groups":[{"name":"body","origin":[8,14,8],"color":0,"children":[{"name":"left_arm","origin":[-16,17,8],"color":0,"children":[0,{"name":"hand_left","origin":[-84,17,9],"color":0,"children":[]},{"name":"arm_band_left","origin":[-62,17,8],"color":0,"children":[]}]}]}]}