{"credit":"Made with Blockbench","texture_size":[256,256],"textures":{"0":"custom/entities/genie/genie","particle":"custom/entities/genie/genie"},"elements":[{"from":[6,-1,2],"to":[22,15,14],"rotation":{"angle":0,"axis":"y","origin":[-107,7,27]},"faces":{"north":{"uv":[3.0625,2.3125,4.0625,3.3125],"texture":"#0"},"east":{"uv":[4.125,2.3125,4.875,3.3125],"texture":"#0"},"south":{"uv":[3.0625,3.375,4.0625,4.375],"texture":"#0"},"west":{"uv":[4.125,3.375,4.875,4.375],"texture":"#0"},"up":{"uv":[4.125,3.375,4.875,4.375],"rotation":90,"texture":"#0"},"down":{"uv":[4.125,3.375,4.875,4.375],"rotation":90,"texture":"#0"}}},{"from":[14,11,-8],"to":[22,19,8],"rotation":{"angle":22.5,"axis":"x","origin":[18,15,8]},"faces":{"north":{"uv":[5.5625,6.375,6.0625,6.875],"rotation":180,"texture":"#0"},"east":{"uv":[5,6.375,5.5,7.3125],"rotation":90,"texture":"#0"},"south":{"uv":[6.125,6.375,6.625,6.875],"texture":"#0"},"west":{"uv":[5,6.375,5.5,7.3125],"rotation":270,"texture":"#0"},"up":{"uv":[5,6.375,5.5,7.3125],"texture":"#0"},"down":{"uv":[5,6.375,5.5,7.3125],"rotation":180,"texture":"#0"}}},{"from":[0.22307,7.1764,-9.9403],"to":[8.22307,15.1764,6.0597],"rotation":{"angle":22.5,"axis":"y","origin":[7.17978,10.9264,5.5]},"faces":{"north":{"uv":[5.5625,6.375,6.0625,6.875],"rotation":270,"texture":"#0"},"east":{"uv":[5,6.375,5.5,7.3125],"rotation":90,"texture":"#0"},"south":{"uv":[6.125,6.375,6.625,6.875],"rotation":270,"texture":"#0"},"west":{"uv":[5,6.375,5.5,7.3125],"rotation":270,"texture":"#0"},"up":{"uv":[5,6.375,5.5,7.3125],"texture":"#0"},"down":{"uv":[5,6.375,5.5,7.3125],"rotation":180,"texture":"#0"}}},{"from":[0,-1,-9],"to":[8,7,7],"rotation":{"angle":0,"axis":"y","origin":[-1,3,8]},"faces":{"north":{"uv":[5.5625,6.375,6.0625,6.875],"rotation":270,"texture":"#0"},"east":{"uv":[5,6.375,5.5,7.3125],"rotation":90,"texture":"#0"},"south":{"uv":[6.125,6.375,6.625,6.875],"rotation":270,"texture":"#0"},"west":{"uv":[5,6.375,5.5,7.3125],"rotation":270,"texture":"#0"},"up":{"uv":[5,6.375,5.5,7.3125],"texture":"#0"},"down":{"uv":[5,6.375,5.5,7.3125],"rotation":180,"texture":"#0"}}}],"display":{"head":{"translation":[-11.25,0,0],"scale":[1.6,1.6,1.6]}},"groups":[{"name":"body","origin":[8,14,8],"color":0,"children":[{"name":"left_arm","origin":[-16,17,8],"color":0,"children":[{"name":"hand_left","origin":[-84,17,9],"color":0,"children":[]},{"name":"arm_band_left","origin":[-62,17,8],"color":0,"children":[]}]}]},0,1,2,3]}