{"credit":"Made with Blockbench","texture_size":[256,256],"textures":{"0":"custom/entities/genie/genie","1":"custom/entities/genie/genie_sparkle","2":"custom/entities/genie/genie_sparkle_alt","particle":"custom/entities/genie/genie"},"elements":[{"from":[3,0,-8],"to":[13,32,24],"rotation":{"angle":0,"axis":"y","origin":[-63,1,18]},"faces":{"north":{"uv":[8.25,1.3125,7.625,3.3125],"texture":"#0"},"east":{"uv":[10.3125,1.3125,8.3125,3.3125],"texture":"#0"},"south":{"uv":[8.25,1.3125,7.625,3.3125],"texture":"#0"},"west":{"uv":[10.3125,1.3125,8.3125,3.3125],"texture":"#0"},"up":{"uv":[8.25,1.3125,7.625,3.3125],"texture":"#0"},"down":{"uv":[8.25,1.3125,7.625,3.3125],"texture":"#0"}}},{"name":"cube inverted","from":[13,32,24],"to":[3,0,-8],"rotation":{"angle":0,"axis":"y","origin":[-63,1,18]},"faces":{"north":{"uv":[8.25,3.3125,7.625,1.3125],"texture":"#0"},"east":{"uv":[10.3125,3.3125,8.3125,1.3125],"texture":"#0"},"south":{"uv":[8.25,3.3125,7.625,1.3125],"texture":"#0"},"west":{"uv":[10.3125,3.3125,8.3125,1.3125],"texture":"#0"},"up":{"uv":[7.625,1.3125,8.25,3.3125],"texture":"#0"},"down":{"uv":[7.625,1.3125,8.25,3.3125],"texture":"#0"}}},{"from":[-9.40988,-2.5,-16],"to":[-0.40988,-2.5,-7],"rotation":{"angle":22.5,"axis":"x","origin":[-4.90988,-2.5,-11.5]},"faces":{"up":{"uv":[6.9375,3,16,11.9875],"rotation":90,"texture":"#1"},"down":{"uv":[6.9375,3,16,11.9875],"rotation":90,"texture":"#1"}}},{"from":[14.37555,31.78207,21.8525],"to":[23.37555,31.78207,30.8525],"rotation":{"angle":22.5,"axis":"x","origin":[18.87555,16.80551,26.45044]},"faces":{"up":{"uv":[6.9375,3,16,11.9875],"rotation":270,"texture":"#2"},"down":{"uv":[6.9375,3,16,11.9875],"rotation":270,"texture":"#2"}}}],"display":{"head":{"rotation":[45,0,0],"translation":[0,-14,-9],"scale":[1.6,1.6,1.6]}},"groups":[{"name":"body","origin":[8,14,8],"color":0,"children":[{"name":"left_arm","origin":[-16,17,8],"color":0,"children":[{"name":"hand_left","origin":[-84,17,9],"color":0,"children":[]},{"name":"arm_band_left","origin":[-62,17,8],"color":0,"children":[0,1]}]}]},2,3]}