{"credit":"Made with Blockbench","texture_size":[256,256],"textures":{"0":"custom/entities/genie/genie","particle":"custom/entities/genie/genie"},"elements":[{"from":[-6,-1,2],"to":[10,15,14],"rotation":{"angle":0,"axis":"y","origin":[123,7,27]},"faces":{"north":{"uv":[4.0625,2.3125,3.0625,3.3125],"texture":"#0"},"east":{"uv":[4.875,3.375,4.125,4.375],"texture":"#0"},"south":{"uv":[4.0625,3.375,3.0625,4.375],"texture":"#0"},"west":{"uv":[4.875,2.3125,4.125,3.3125],"texture":"#0"},"up":{"uv":[4.125,4.375,4.875,3.375],"rotation":90,"texture":"#0"},"down":{"uv":[4.125,4.375,4.875,3.375],"rotation":90,"texture":"#0"}}},{"from":[-6,11,-8],"to":[2,19,8],"rotation":{"angle":22.5,"axis":"x","origin":[-2,15,8]},"faces":{"north":{"uv":[6.0625,6.375,5.5625,6.875],"rotation":180,"texture":"#0"},"east":{"uv":[5,7.3125,5.5,6.375],"rotation":270,"texture":"#0"},"south":{"uv":[6.625,6.375,6.125,6.875],"texture":"#0"},"west":{"uv":[5,7.3125,5.5,6.375],"rotation":90,"texture":"#0"},"up":{"uv":[5.5,6.375,5,7.3125],"texture":"#0"},"down":{"uv":[5.5,6.375,5,7.3125],"rotation":180,"texture":"#0"}}},{"from":[7.77693,7.1764,-9.9403],"to":[15.77693,15.1764,6.0597],"rotation":{"angle":-22.5,"axis":"y","origin":[8.82022,10.9264,5.5]},"faces":{"north":{"uv":[5.5625,6.875,6.0625,6.375],"rotation":270,"texture":"#0"},"east":{"uv":[5,7.3125,5.5,6.375],"rotation":270,"texture":"#0"},"south":{"uv":[6.125,6.875,6.625,6.375],"rotation":270,"texture":"#0"},"west":{"uv":[5,7.3125,5.5,6.375],"rotation":90,"texture":"#0"},"up":{"uv":[5.5,6.375,5,7.3125],"texture":"#0"},"down":{"uv":[5.5,6.375,5,7.3125],"rotation":180,"texture":"#0"}}},{"from":[8,-1,-9],"to":[16,7,7],"rotation":{"angle":0,"axis":"y","origin":[17,3,8]},"faces":{"north":{"uv":[5.5625,6.875,6.0625,6.375],"rotation":270,"texture":"#0"},"east":{"uv":[5,7.3125,5.5,6.375],"rotation":270,"texture":"#0"},"south":{"uv":[6.125,6.875,6.625,6.375],"rotation":270,"texture":"#0"},"west":{"uv":[5,7.3125,5.5,6.375],"rotation":90,"texture":"#0"},"up":{"uv":[5.5,6.375,5,7.3125],"texture":"#0"},"down":{"uv":[5.5,6.375,5,7.3125],"rotation":180,"texture":"#0"}}}],"display":{"head":{"translation":[11.25,0,0],"scale":[1.6,1.6,1.6]}},"groups":[{"name":"body","origin":[8,14,8],"color":0,"children":[{"name":"left_arm","origin":[-16,17,8],"color":0,"children":[{"name":"hand_left","origin":[-84,17,9],"color":0,"children":[]},{"name":"arm_band_left","origin":[-62,17,8],"color":0,"children":[]}]}]},0,1,2,3]}