{
	"credit": "Created with Blockbench [Exported as resourcepack with the \"resourcepack_packager\" plugin]",
	"textures": {
		"0": "custom/entities/genie/genie",
		"1": "custom/entities/genie/genie_tail",
		"particle": "custom/entities/genie/genie"
	},
	"elements": [
		{
			"from": [6.39062, -2.13157, 8.65555],
			"to": [9.51563, 2.55593, 11.78055],
			"rotation": {"angle": -22.5, "axis": "x", "origin": [16.39063, -3.38157, 7.71805]},
			"faces": {
				"north": {"uv": [5, 5.375, 5.625, 6.3125], "texture": "#0"},
				"east": {"uv": [5.6875, 5.375, 6.3125, 6.3125], "texture": "#0"},
				"south": {"uv": [5, 5.375, 5.625, 6.3125], "texture": "#0"},
				"west": {"uv": [5.6875, 5.375, 6.3125, 6.3125], "texture": "#0"},
				"up": {"uv": [6.375, 5.375, 7, 6], "texture": "#0"},
				"down": {"uv": [7.0625, 5.375, 7.6875, 6], "texture": "#0"}
			}
		},
		{
			"from": [5.45312, -8.06907, 10.21805],
			"to": [10.45313, -1.81907, 10.21805],
			"rotation": {"angle": -22.5, "axis": "x", "origin": [16.39063, -3.38157, 7.71805]},
			"faces": {
				"north": {"uv": [0, 0, 8, 10], "texture": "#1"},
				"south": {"uv": [8, 0, 0, 10], "texture": "#1"}
			}
		},
		{
			"from": [3.04687, 1.86843, 4.3743],
			"to": [13.04688, 11.86843, 14.3743],
			"rotation": {"angle": -22.5, "axis": "x", "origin": [8.04688, -2.13157, 5.3743]},
			"faces": {
				"north": {"uv": [5, 2.6875, 6.25, 3.9375], "texture": "#0"},
				"east": {"uv": [6.3125, 2.6875, 7.5625, 3.9375], "texture": "#0"},
				"south": {"uv": [5, 2.6875, 6.25, 3.9375], "texture": "#0"},
				"west": {"uv": [6.3125, 2.6875, 7.5625, 3.9375], "texture": "#0"},
				"up": {"uv": [5, 4, 6.25, 5.25], "texture": "#0"},
				"down": {"uv": [6.3125, 4, 7.5625, 5.25], "texture": "#0"}
			}
		},
		{
			"from": [-3.95313, 10.86843, -2.6257],
			"to": [20.04688, 28.86843, 13.3743],
			"rotation": {"angle": 0, "axis": "y", "origin": [-3.45313, 5.36843, -2.1257]},
			"faces": {
				"north": {"uv": [0, 0, 3, 2.25], "texture": "#0"},
				"east": {"uv": [5, 0, 3, 2.25], "texture": "#0"},
				"south": {"uv": [0, 7.8125, 3, 10.0625], "texture": "#0"},
				"west": {"uv": [3, 0, 5, 2.25], "texture": "#0"},
				"up": {"uv": [0, 4.3125, 3, 2.3125], "texture": "#0"},
				"down": {"uv": [0, 4.375, 3, 6.375], "texture": "#0"}
			}
		}
	],
	"display": {
	"head":{"translation":[0,-30.75,0],"scale":[3.2,3.2,3.2]}
	},
	"groups": [
		{
			"name": "bone3",
			"origin": [6.07812, 4.74343, -11.65695],
			"color": 0,
			"children": [
				{
					"name": "bone2",
					"origin": [39.07812, -21.25657, 50.34305],
					"rotation": [-22.5, 0, 0],
					"color": 0,
					"children": [0, 1]
				},
				{
					"name": "right",
					"origin": [124.07813, 29.74343, 56.34305],
					"rotation": [-83.6161, -74.13254, 38.71628],
					"color": 0,
					"children": []
				},
				{
					"name": "left",
					"origin": [-43.92188, 29.74343, 56.34305],
					"rotation": [-83.6161, 74.13254, -38.71628],
					"color": 0,
					"children": []
				},
				{
					"name": "body2",
					"origin": [14.07813, 18.74343, -3.65695],
					"color": 0,
					"children": [
						{
							"name": "left_arm2",
							"origin": [-9.92187, 21.74343, -3.65695],
							"color": 0,
							"children": [
								{
									"name": "hand_left2",
									"origin": [-77.92187, 21.74343, -2.65695],
									"color": 0,
									"children": []
								},
								{
									"name": "arm_band_left2",
									"origin": [-55.92188, 21.74343, -3.65695],
									"color": 0,
									"children": []
								}
							]
						}
					]
				},
				{
					"name": "bone",
					"origin": [2.57812, 6.74343, 18.84305],
					"color": 0,
					"children": [2, 3]
				},
				{
					"name": "body3",
					"origin": [-23.92187, 56.74343, 41.34305],
					"rotation": [0, 0, 47.5],
					"color": 0,
					"children": [
						{
							"name": "left_arm4",
							"origin": [-47.92188, 59.74343, 41.34305],
							"color": 0,
							"children": [
								{
									"name": "hand_left4",
									"origin": [-115.92187, 59.74343, 42.34305],
									"color": 0,
									"children": []
								},
								{
									"name": "arm_band_left4",
									"origin": [-93.92187, 59.74343, 41.34305],
									"color": 0,
									"children": []
								}
							]
						}
					]
				}
			]
		}
	]
}