{"parent":"item/generated","textures":{"layer0":"item/paper"},"overrides":[{"predicate":{"custom_model_data":23001},"model":"custom/entities/balloon/balloon_basket"},{"predicate":{"custom_model_data":23002},"model":"custom/entities/balloon/balloon_top"},{"predicate":{"custom_model_data":23003},"model":"custom/misc_items/balloon"},{"predicate":{"custom_model_data":23004},"model":"custom/entities/entity/entity_head"},{"predicate":{"custom_model_data":23005},"model":"custom/entities/entity/entity_body"}]}